{"stats":{"minecraft:dropped":{"minecraft:wheat_seeds":1},"minecraft:killed":{"minecraft:pig":2},"minecraft:picked_up":{"minecraft:oak_log":2,"minecraft:wheat_seeds":1,"minecraft:porkchop":3},"minecraft:crafted":{"minecraft:oak_planks":8},"minecraft:mined":{"minecraft:tall_grass":3,"minecraft:grass":12,"minecraft:oak_log":2},"minecraft:custom":{"minecraft:jump":39,"minecraft:time_since_rest":3119,"minecraft:damage_dealt":200,"minecraft:crouch_one_cm":330,"minecraft:leave_game":2,"minecraft:play_time":3119,"minecraft:sprint_one_cm":5832,"minecraft:time_since_death":3119,"minecraft:walk_one_cm":2128,"minecraft:sneak_time":345,"minecraft:total_world_time":3119,"minecraft:mob_kills":2,"minecraft:drop":1,"minecraft:fall_one_cm":637,"minecraft:fly_one_cm":3695}},"DataVersion":3465}